command_rad,link_frame_separation_m,estimated_pad_gap_m,closure_drop_m
0.0,0.1355172800,0.0850000000,0.0000000000
0.1,0.1264761452,0.0759588652,0.0034926322
0.2,0.1167828155,0.0662655355,0.0065165122
0.3,0.1065341435,0.0560168635,0.0090414263
0.35,0.1012333654,0.0507160854,0.0101086854
0.4,0.0958325305,0.0453152505,0.0110421465
0.45,0.0903450850,0.0398278050,0.0118394494
0.5,0.0847848500,0.0342675700,0.0124986762
0.55,0.0791656753,0.0286483953,0.0130180717
0.6,0.0735016019,0.0229843219,0.0133964717
0.65,0.0678068027,0.0172895227,0.0136328042
0.7,0.0620954626,0.0115781826,0.0137265325
0.75,0.0563819106,0.0058646306,0.0136774778
0.8,0.0506803989,0.0001631189,0.0134856403
