time_s,center_z_m
0.0,1.0
0.004166666666666667,0.999914824962616
0.008333333333333333,0.9997445344924927
0.0125,0.9994890689849854
0.016666666666666666,0.999148428440094
0.020833333333333332,0.9987226724624634
0.025,0.9982117414474487
0.029166666666666667,0.99761563539505
0.03333333333333333,0.9969344139099121
0.0375,0.9961680173873901
0.041666666666666664,0.9953164458274841
0.04583333333333333,0.9943796992301941
0.05,0.9933578372001648
0.05416666666666667,0.9922508001327515
0.058333333333333334,0.9910585880279541
0.0625,0.9897812604904175
0.06666666666666667,0.9884187579154968
0.07083333333333333,0.9869710803031921
0.075,0.9854382872581482
0.07916666666666666,0.9838203191757202
0.08333333333333333,0.9821171760559082
0.0875,0.9803289175033569
0.09166666666666666,0.9784554839134216
0.09583333333333333,0.9764968752861023
0.1,0.9744531512260437
0.10416666666666667,0.9723242521286011
0.10833333333333334,0.9701101779937744
0.1125,0.9678109884262085
0.11666666666666667,0.9654266238212585
0.12083333333333333,0.9629570841789246
0.125,0.9604023694992065
0.12916666666666665,0.9577625393867493
0.13333333333333333,0.955037534236908
0.1375,0.9522273540496826
0.14166666666666666,0.949332058429718
0.14583333333333334,0.9463515877723694
0.15,0.9432859420776367
0.15416666666666667,0.9401351809501648
0.15833333333333333,0.9368992447853088
0.1625,0.9335781335830688
0.16666666666666666,0.9301719069480896
0.17083333333333334,0.9266805052757263
0.175,0.923103928565979
0.17916666666666667,0.9194422364234924
0.18333333333333332,0.9156953692436218
0.1875,0.9118633270263672
0.19166666666666665,0.9079461693763733
0.19583333333333333,0.9039438366889954
0.2,0.8998563289642334
0.20416666666666666,0.8956836462020874
0.20833333333333334,0.8914258480072021
0.2125,0.8870828747749329
0.21666666666666667,0.8826547265052795
0.22083333333333333,0.878141462802887
0.225,0.8735430240631104
0.22916666666666666,0.8688594102859497
0.23333333333333334,0.8640906810760498
0.2375,0.8592367768287659
0.24166666666666667,0.8542976975440979
0.24583333333333332,0.8492735028266907
0.25,0.8441641330718994
0.25416666666666665,0.8389695882797241
0.2583333333333333,0.8336899280548096
0.2625,0.828325092792511
0.26666666666666666,0.8228750824928284
0.2708333333333333,0.8173399567604065
0.275,0.8117196559906006
0.2791666666666667,0.8060141801834106
0.2833333333333333,0.8002235293388367
0.2875,0.7943477630615234
0.2916666666666667,0.7883868217468262
0.29583333333333334,0.7823407053947449
0.3,0.7762094736099243
0.30416666666666664,0.7699930667877197
0.30833333333333335,0.7636914849281311
0.3125,0.7573047876358032
0.31666666666666665,0.7508329153060913
0.3208333333333333,0.7442758679389954
0.325,0.7376337051391602
0.32916666666666666,0.7309063673019409
0.3333333333333333,0.7240938544273376
0.3375,0.7171962261199951
0.3416666666666667,0.7102134227752686
0.3458333333333333,0.703145444393158
0.35,0.6959923505783081
0.3541666666666667,0.6887540817260742
0.35833333333333334,0.6814306378364563
0.3625,0.6740220189094543
0.36666666666666664,0.6665282845497131
0.37083333333333335,0.6589493751525879
0.375,0.6512852907180786
0.37916666666666665,0.6435360908508301
0.3833333333333333,0.6357017159461975
0.3875,0.6277821660041809
0.39166666666666666,0.619777500629425
0.3958333333333333,0.6116876602172852
0.4,0.6035126447677612
0.4041666666666667,0.595252513885498
0.4083333333333333,0.5869072079658508
0.4125,0.5784767270088196
0.4166666666666667,0.5699611306190491
0.42083333333333334,0.5613603591918945
0.425,0.552674412727356
0.42916666666666664,0.5439033508300781
0.43333333333333335,0.5350471138954163
0.4375,0.5261057019233704
0.44166666666666665,0.5170791745185852
0.4458333333333333,0.507967472076416
0.45,0.4987705945968628
0.45416666666666666,0.4894885718822479
0.4583333333333333,0.4801214039325714
0.46249999999999997,0.47066906094551086
0.4666666666666667,0.46113157272338867
0.4708333333333333,0.45150890946388245
0.475,0.4418011009693146
0.4791666666666667,0.43200814723968506
0.48333333333333334,0.4221300184726715
0.4875,0.4121667444705963
0.49166666666666664,0.4021183252334595
0.49583333333333335,0.3919847309589386
0.5,0.3817659914493561
0.5041666666666667,0.3714621067047119
0.5083333333333333,0.3610730469226837
0.5125,0.35059884190559387
0.5166666666666666,0.34003946185112
0.5208333333333334,0.3293949365615845
0.525,0.3186652660369873
0.5291666666666667,0.3078504204750061
0.5333333333333333,0.29695042967796326
0.5375,0.28596529364585876
0.5416666666666666,0.27489498257637024
0.5458333333333333,0.26373952627182007
0.55,0.25249889492988586
0.5541666666666667,0.24117311835289001
0.5583333333333333,0.22976219654083252
0.5625,0.21826611459255219
0.5666666666666667,0.206684872508049
0.5708333333333333,0.20000000298023224
0.575,0.20000000298023224
0.5791666666666666,0.20000000298023224
0.5833333333333334,0.20000000298023224
0.5875,0.20000000298023224
0.5916666666666667,0.20000000298023224
0.5958333333333333,0.20000000298023224
0.6,0.20000000298023224
0.6041666666666666,0.20000000298023224
0.6083333333333333,0.20000000298023224
0.6125,0.20000000298023224
0.6166666666666667,0.20000000298023224
0.6208333333333333,0.20000000298023224
0.625,0.20000000298023224
0.6291666666666667,0.20000000298023224
0.6333333333333333,0.20000000298023224
0.6375,0.20000000298023224
0.6416666666666666,0.20000000298023224
0.6458333333333334,0.20000000298023224
0.65,0.20000000298023224
0.6541666666666667,0.20000000298023224
0.6583333333333333,0.20000000298023224
0.6625,0.20000000298023224
0.6666666666666666,0.20000000298023224
0.6708333333333333,0.20000000298023224
0.675,0.20000000298023224
0.6791666666666667,0.20000000298023224
0.6833333333333333,0.20000000298023224
0.6875,0.20000000298023224
0.6916666666666667,0.20000000298023224
0.6958333333333333,0.20000000298023224
0.7,0.20000000298023224
0.7041666666666666,0.20000000298023224
0.7083333333333334,0.20000000298023224
0.7125,0.20000000298023224
0.7166666666666667,0.20000000298023224
0.7208333333333333,0.20000000298023224
0.725,0.20000000298023224
0.7291666666666666,0.20000000298023224
0.7333333333333333,0.20000000298023224
0.7375,0.20000000298023224
0.7416666666666667,0.20000000298023224
0.7458333333333333,0.20000000298023224
0.75,0.20000000298023224
0.7541666666666667,0.20000000298023224
0.7583333333333333,0.20000000298023224
0.7625,0.20000000298023224
0.7666666666666666,0.20000000298023224
0.7708333333333334,0.20000000298023224
0.775,0.20000000298023224
0.7791666666666667,0.20000000298023224
0.7833333333333333,0.20000000298023224
0.7875,0.20000000298023224
0.7916666666666666,0.20000000298023224
0.7958333333333333,0.20000000298023224
0.8,0.20000000298023224
0.8041666666666667,0.20000000298023224
0.8083333333333333,0.20000000298023224
0.8125,0.20000000298023224
0.8166666666666667,0.20000000298023224
0.8208333333333333,0.20000000298023224
0.825,0.20000000298023224
0.8291666666666666,0.20000000298023224
0.8333333333333334,0.20000000298023224
0.8375,0.20000000298023224
0.8416666666666667,0.20000000298023224
0.8458333333333333,0.20000000298023224
0.85,0.20000000298023224
0.8541666666666666,0.20000000298023224
0.8583333333333333,0.20000000298023224
0.8624999999999999,0.20000000298023224
0.8666666666666667,0.20000000298023224
0.8708333333333333,0.20000000298023224
0.875,0.20000000298023224
0.8791666666666667,0.20000000298023224
0.8833333333333333,0.20000000298023224
0.8875,0.20000000298023224
0.8916666666666666,0.20000000298023224
0.8958333333333334,0.20000000298023224
0.9,0.20000000298023224
0.9041666666666667,0.20000000298023224
0.9083333333333333,0.20000000298023224
0.9125,0.20000000298023224
0.9166666666666666,0.20000000298023224
0.9208333333333333,0.20000000298023224
0.9249999999999999,0.20000000298023224
0.9291666666666667,0.20000000298023224
0.9333333333333333,0.20000000298023224
0.9375,0.20000000298023224
0.9416666666666667,0.20000000298023224
0.9458333333333333,0.20000000298023224
0.95,0.20000000298023224
0.9541666666666666,0.20000000298023224
0.9583333333333334,0.20000000298023224
0.9625,0.20000000298023224
0.9666666666666667,0.20000000298023224
0.9708333333333333,0.20000000298023224
0.975,0.20000000298023224
0.9791666666666666,0.20000000298023224
0.9833333333333333,0.20000000298023224
0.9874999999999999,0.20000000298023224
0.9916666666666667,0.20000000298023224
0.9958333333333333,0.20000000298023224
1.0,0.20000000298023224
1.0041666666666667,0.20000000298023224
1.0083333333333333,0.20000000298023224
1.0125,0.20000000298023224
1.0166666666666666,0.20000000298023224
1.0208333333333333,0.20000000298023224
1.025,0.20000000298023224
1.0291666666666666,0.20000000298023224
1.0333333333333332,0.20000000298023224
1.0375,0.20000000298023224
1.0416666666666667,0.20000000298023224
1.0458333333333334,0.20000000298023224
1.05,0.20000000298023224
1.0541666666666667,0.20000000298023224
1.0583333333333333,0.20000000298023224
1.0625,0.20000000298023224
1.0666666666666667,0.20000000298023224
1.0708333333333333,0.20000000298023224
1.075,0.20000000298023224
1.0791666666666666,0.20000000298023224
1.0833333333333333,0.20000000298023224
1.0875,0.20000000298023224
1.0916666666666666,0.20000000298023224
1.0958333333333332,0.20000000298023224
1.1,0.20000000298023224
1.1041666666666667,0.20000000298023224
1.1083333333333334,0.20000000298023224
1.1125,0.20000000298023224
1.1166666666666667,0.20000000298023224
1.1208333333333333,0.20000000298023224
1.125,0.20000000298023224
1.1291666666666667,0.20000000298023224
1.1333333333333333,0.20000000298023224
1.1375,0.20000000298023224
1.1416666666666666,0.20000000298023224
1.1458333333333333,0.20000000298023224
1.15,0.20000000298023224
1.1541666666666666,0.20000000298023224
1.1583333333333332,0.20000000298023224
1.1625,0.20000000298023224
1.1666666666666667,0.20000000298023224
1.1708333333333334,0.20000000298023224
1.175,0.20000000298023224
1.1791666666666667,0.20000000298023224
1.1833333333333333,0.20000000298023224
1.1875,0.20000000298023224
1.1916666666666667,0.20000000298023224
1.1958333333333333,0.20000000298023224
1.2,0.20000000298023224
1.2041666666666666,0.20000000298023224
1.2083333333333333,0.20000000298023224
1.2125,0.20000000298023224
1.2166666666666666,0.20000000298023224
1.2208333333333332,0.20000000298023224
1.225,0.20000000298023224
1.2291666666666667,0.20000000298023224
1.2333333333333334,0.20000000298023224
1.2375,0.20000000298023224
1.2416666666666667,0.20000000298023224
1.2458333333333333,0.20000000298023224
1.25,0.20000000298023224
1.2541666666666667,0.20000000298023224
1.2583333333333333,0.20000000298023224
1.2625,0.20000000298023224
1.2666666666666666,0.20000000298023224
1.2708333333333333,0.20000000298023224
1.275,0.20000000298023224
1.2791666666666666,0.20000000298023224
1.2833333333333332,0.20000000298023224
1.2875,0.20000000298023224
1.2916666666666667,0.20000000298023224
1.2958333333333334,0.20000000298023224
1.3,0.20000000298023224
1.3041666666666667,0.20000000298023224
1.3083333333333333,0.20000000298023224
1.3125,0.20000000298023224
1.3166666666666667,0.20000000298023224
1.3208333333333333,0.20000000298023224
1.325,0.20000000298023224
1.3291666666666666,0.20000000298023224
1.3333333333333333,0.20000000298023224
1.3375,0.20000000298023224
1.3416666666666666,0.20000000298023224
1.3458333333333332,0.20000000298023224
1.35,0.20000000298023224
1.3541666666666667,0.20000000298023224
1.3583333333333334,0.20000000298023224
1.3625,0.20000000298023224
1.3666666666666667,0.20000000298023224
1.3708333333333333,0.20000000298023224
1.375,0.20000000298023224
1.3791666666666667,0.20000000298023224
1.3833333333333333,0.20000000298023224
1.3875,0.20000000298023224
1.3916666666666666,0.20000000298023224
1.3958333333333333,0.20000000298023224
1.4,0.20000000298023224
1.4041666666666666,0.20000000298023224
1.4083333333333332,0.20000000298023224
1.4125,0.20000000298023224
1.4166666666666667,0.20000000298023224
1.4208333333333334,0.20000000298023224
1.425,0.20000000298023224
1.4291666666666667,0.20000000298023224
1.4333333333333333,0.20000000298023224
1.4375,0.20000000298023224
1.4416666666666667,0.20000000298023224
1.4458333333333333,0.20000000298023224
1.45,0.20000000298023224
1.4541666666666666,0.20000000298023224
1.4583333333333333,0.20000000298023224
1.4625,0.20000000298023224
1.4666666666666666,0.20000000298023224
1.4708333333333332,0.20000000298023224
1.475,0.20000000298023224
1.4791666666666667,0.20000000298023224
1.4833333333333334,0.20000000298023224
1.4875,0.20000000298023224
1.4916666666666667,0.20000000298023224
1.4958333333333333,0.20000000298023224
1.5,0.20000000298023224
1.5041666666666667,0.20000000298023224
1.5083333333333333,0.20000000298023224
1.5125,0.20000000298023224
1.5166666666666666,0.20000000298023224
1.5208333333333333,0.20000000298023224
1.525,0.20000000298023224
1.5291666666666666,0.20000000298023224
1.5333333333333332,0.20000000298023224
1.5375,0.20000000298023224
1.5416666666666667,0.20000000298023224
1.5458333333333334,0.20000000298023224
1.55,0.20000000298023224
1.5541666666666667,0.20000000298023224
1.5583333333333333,0.20000000298023224
1.5625,0.20000000298023224
1.5666666666666667,0.20000000298023224
1.5708333333333333,0.20000000298023224
1.575,0.20000000298023224
1.5791666666666666,0.20000000298023224
1.5833333333333333,0.20000000298023224
1.5875,0.20000000298023224
1.5916666666666666,0.20000000298023224
1.5958333333333332,0.20000000298023224
1.6,0.20000000298023224
1.6041666666666667,0.20000000298023224
1.6083333333333334,0.20000000298023224
1.6125,0.20000000298023224
1.6166666666666667,0.20000000298023224
1.6208333333333333,0.20000000298023224
1.625,0.20000000298023224
1.6291666666666667,0.20000000298023224
1.6333333333333333,0.20000000298023224
1.6375,0.20000000298023224
1.6416666666666666,0.20000000298023224
1.6458333333333333,0.20000000298023224
1.65,0.20000000298023224
1.6541666666666666,0.20000000298023224
1.6583333333333332,0.20000000298023224
1.6624999999999999,0.20000000298023224
1.6666666666666667,0.20000000298023224
1.6708333333333334,0.20000000298023224
1.675,0.20000000298023224
1.6791666666666667,0.20000000298023224
1.6833333333333333,0.20000000298023224
1.6875,0.20000000298023224
1.6916666666666667,0.20000000298023224
1.6958333333333333,0.20000000298023224
1.7,0.20000000298023224
1.7041666666666666,0.20000000298023224
1.7083333333333333,0.20000000298023224
1.7125,0.20000000298023224
1.7166666666666666,0.20000000298023224
1.7208333333333332,0.20000000298023224
1.7249999999999999,0.20000000298023224
1.7291666666666667,0.20000000298023224
1.7333333333333334,0.20000000298023224
1.7375,0.20000000298023224
1.7416666666666667,0.20000000298023224
1.7458333333333333,0.20000000298023224
1.75,0.20000000298023224
1.7541666666666667,0.20000000298023224
1.7583333333333333,0.20000000298023224
1.7625,0.20000000298023224
1.7666666666666666,0.20000000298023224
1.7708333333333333,0.20000000298023224
1.775,0.20000000298023224
1.7791666666666666,0.20000000298023224
1.7833333333333332,0.20000000298023224
1.7874999999999999,0.20000000298023224
1.7916666666666667,0.20000000298023224
1.7958333333333334,0.20000000298023224
1.8,0.20000000298023224
1.8041666666666667,0.20000000298023224
1.8083333333333333,0.20000000298023224
1.8125,0.20000000298023224
1.8166666666666667,0.20000000298023224
1.8208333333333333,0.20000000298023224
1.825,0.20000000298023224
1.8291666666666666,0.20000000298023224
1.8333333333333333,0.20000000298023224
1.8375,0.20000000298023224
1.8416666666666666,0.20000000298023224
1.8458333333333332,0.20000000298023224
1.8499999999999999,0.20000000298023224
1.8541666666666667,0.20000000298023224
1.8583333333333334,0.20000000298023224
1.8625,0.20000000298023224
1.8666666666666667,0.20000000298023224
1.8708333333333333,0.20000000298023224
1.875,0.20000000298023224
1.8791666666666667,0.20000000298023224
1.8833333333333333,0.20000000298023224
1.8875,0.20000000298023224
1.8916666666666666,0.20000000298023224
1.8958333333333333,0.20000000298023224
1.9,0.20000000298023224
1.9041666666666666,0.20000000298023224
1.9083333333333332,0.20000000298023224
1.9124999999999999,0.20000000298023224
1.9166666666666667,0.20000000298023224
1.9208333333333334,0.20000000298023224
1.925,0.20000000298023224
1.9291666666666667,0.20000000298023224
1.9333333333333333,0.20000000298023224
1.9375,0.20000000298023224
1.9416666666666667,0.20000000298023224
1.9458333333333333,0.20000000298023224
1.95,0.20000000298023224
1.9541666666666666,0.20000000298023224
1.9583333333333333,0.20000000298023224
1.9625,0.20000000298023224
1.9666666666666666,0.20000000298023224
1.9708333333333332,0.20000000298023224
1.9749999999999999,0.20000000298023224
1.9791666666666667,0.20000000298023224
1.9833333333333334,0.20000000298023224
1.9875,0.20000000298023224
1.9916666666666667,0.20000000298023224
1.9958333333333333,0.20000000298023224
2.0,0.20000000298023224
